{
  "type": "ecmascript",
  "id": "headweb",
  "file": "headweb.js",
  "showtimeVersion": "4.9.105",
  "version": "2.1.2",
  "author": "Andreas Öman",
  "title": "Headweb",
  "icon": "headweb_square.png",
  "synopsis": "Headweb online video",
  "category": "video",
  "description": "<p>Headweb is a Swedish online video store.<p>For more information, visit <a href=\"http://www.headweb.com\">http://www.headweb.com</a>",
  "homepage":"https://github.com/andoma/showtime-plugin-headweb",
  "regions": ["SE", "NO", "DK", "FI"]
}
