{
	"description": "<p>showtime-plugin-transmission is a Movian plugin allowing user to manipulate downloads in Transmission program.</p><p>Transmission must be configured to enable RCP connections.</p> For more information visit <a href=\"http://www.transmissionbt.com/\">http://www.transmissionbt.com/</a>",
	"author": "pisek",
	"homepage": "https://github.com/pisek/showtime-plugin-transmission",
	"title": "Transmission",
	"synopsis": "showtime-plugin-transmission is a Movian plugin allowing user to manipulate downloads in Transmission program. Transmission must be configured to enable RCP connections.",
	"version": "0.0.1",
	"file": "transmission.js",
	"showtimeVersion": "4.9.46",
	"type": "ecmascript",
	"id": "transmission",
	"icon": "transmission.png",
	"category": "utilities"
}
